{
  "lognorm": 2.3985433250317354,
  "PC1": -0.07305826667314888,
  "PC2": -0.08753541499291051,
  "PC3": 0.0,
  "PC4": 0.0,
  "PC5": 0.0,
  "PC6": 0.0,
  "PC7": 0.0,
  "PC8": 0.0,
  "PC9": 0.0,
  "PC10": 0.0
}