{
  "lognorm": 2.4530946692283666,
  "PC1": -0.0038685903834438174,
  "PC2": 0.0016748138563737666,
  "PC3": -0.00028983876139867214,
  "PC4": -0.0037276618440139284,
  "PC5": 0.00329618452813025
}