{
  "lognorm": 3.1704175359092646,
  "PC1": -0.0026390052954809416,
  "PC2": 0.0017207083291831816,
  "PC3": 0.0021540150804401806,
  "PC4": 0.0,
  "PC5": 0.0
}