{
  "lognorm": 3.9371033003777676,
  "PC1": 0.00792083863859961,
  "PC2": 0.013572359127513619,
  "PC3": 0.003391010057753655,
  "PC4": 0.0033947454403729987,
  "PC5": -0.013415970033646883,
  "PC6": 0.005511275689439748,
  "PC7": 0.00018728120427328259,
  "PC8": 0.0006131251304566246,
  "PC9": -0.0007613235551938485,
  "PC10": -0.0006913655223552859
}